file_name,url,source_query,title,score,matched_terms,sha256
001-trata--se-de-acao-de-indenizacao-por-dano-material-e-dano-moral-8f86749a.pdf,https://www.conjur.com.br/wp-content/uploads/2025/03/doc_85895493.pdf,"""petição inicial"" ""dano moral"" ""julgo procedente"" filetype:pdf",Trata- se de Ação de Indenização por Dano Material e Dano Moral ...,23,acao de indenizacao; ação de indenização; dano moral; danos morais; indenizacao por dano moral; indenização por dano moral; julgo procedente; petição inicial; procedencia do pedido; procedência do pedido,8f86749a5d7bde1a14348e30415e2afd9baae43a138f9b7f3d688d0f4c850c9c
002-acordao-8fdcfcee.pdf,https://static.poder360.com.br/2023/12/integra-acordao-tjmg-condenacao-nikolas-ferreira-danos-duda-salabert.pdf,"""petição inicial"" ""dano moral"" ""julgo procedente"" filetype:pdf",ACÓRDÃO,20,acao de indenizacao; ação de indenização; dano moral; danos morais; indenizacao por dano moral; indenização por dano moral; julgo procedente; petição inicial; provimento ao recurso,8fdcfceefdc3804032562c556ab5e65faebb32f76398b923043dd57a4b7c7c75
003-tjpb---2o-grau---processo-judicial-eletronico---migalhas-f4fb941b.pdf,https://www.migalhas.com.br/arquivos/2024/9/98326CC0D2A0EF_tjpb-87.pdf,"""petição inicial"" ""dano moral"" ""julgo procedente"" filetype:pdf",· TJPB - 2o Grau - Processo Judicial Eletrônico - Migalhas,17,acao de indenizacao; ação de indenização; dano moral; danos morais; julgo parcialmente procedente; provimento ao recurso; provimento parcial ao recurso,f4fb941bfdcc638924fa3b8a5149ddada34b851f4db39ec4033a90c6bbd8829d
004-decisao-25354545.pdf,https://www.migalhas.com.br/arquivos/2021/11/4BA78C6D95F81D_decisao-autismo.pdf,"""petição inicial"" ""danos morais"" ""pedido procedente"" filetype:pdf",decisão,17,acao de indenizacao; ação de indenização; dano moral; danos morais; indenizacao por dano moral; indenização por dano moral; julgo procedente; petição inicial,25354545988174700e34922fdd73076aef39d402a676c9e202fb1613f91859fd
005-vol.35.indd-d5e3f71f.pdf,https://www.stj.jus.br/docs_internet/revista/eletronica/stj-revista-sumulas-2013_35_capSumula387.pdf,"""petição inicial"" ""danos morais"" ""pedido procedente"" filetype:pdf",vol.35.indd,21,acao de indenizacao; ação de indenização; dano moral; danos morais; indenizacao por dano moral; indenização por dano moral; pedido procedente; provimento ao recurso; recurso provido,d5e3f71f02a1d6e5f5143d93a622ea54cdfccf32c4c454ff66ec0d8a0a5b6efd
006-relator-34edf23a.pdf,https://www.conjur.com.br/wp-content/uploads/2023/09/trt-condena-ambev-pagar-indenizacao-16.pdf,"""petição inicial"" ""danos morais"" ""pedido procedente"" filetype:pdf",RELATOR,16,dano moral; danos morais; indenizacao por dano moral; indenização por dano moral; pedido procedente; petição inicial; provimento ao recurso,34edf23abc7c1ac4125ebb1c3169d39bf895ab90c7b26050f4d9e87fecea994d
007-apelacao-civel.-direito-do-consumidor.-acao-...---migalhas-371a26ab.pdf,https://www.migalhas.com.br/arquivos/2025/1/7AF1F65E4D735F_0719617-21.2023.8.07.0003_6738.pdf,"""ação de indenização por danos morais"" ""julgo procedente"" ""petição inicial"" filetype:pdf",APELAÇÃO CÍVEL. DIREITO DO CONSUMIDOR. AÇÃO ... - Migalhas,23,acao de indenizacao; ação de indenização; dano moral; danos morais; indenizacao por dano moral; indenização por dano moral; julgo procedente; petição inicial; procedencia do pedido; procedência do pedido,371a26ab6d622d102b7dc16348864ebd69870ac19b4a68143e3be5c8337ab38d
008-processo-0005059-39.2019.8.14.0130---apelacao-civel-60642620.pdf,https://www.tjpa.jus.br/CMSPortal/VisualizarArquivo?idArquivo=1274604,"""ação de indenização por danos morais"" ""julgo procedente"" ""petição inicial"" filetype:pdf",PROCESSO: 0005059-39.2019.8.14.0130 - APELAÇÃO CÍVEL,7,dano moral; danos morais; julgo parcialmente procedente,606426204a81d9526d071b4544fa6bdc827b0d0aa26bc4733e640dccd7e3f98e
009-processo-no-0804217-52.2015.4.05.0000---apelacao-3962be7e.pdf,https://www4.trf5.jus.br/data/2015/09/PJE/08042175220154050000_20150911_62065_40500003025819.pdf,"""ação de indenização por danos morais"" ""julgo procedente"" ""petição inicial"" filetype:pdf",PROCESSO No: 0804217-52.2015.4.05.0000 - APELAÇÃO,13,dano moral; danos morais; indenizacao por dano moral; indenização por dano moral; julgo procedente; petição inicial,3962be7e485d7ed829648a77dd586e29ea1e2a6158c915a4daca8ec23db11f9c
010-ementa---migalhas-7a19eb7b.pdf,https://www.migalhas.com.br/arquivos/2019/7/art20190708-07.pdf,"""ação de indenização por danos morais"" ""julgo procedente"" ""petição inicial"" filetype:pdf",EMENTA - Migalhas,20,acao de indenizacao; ação de indenização; dano moral; danos morais; julgo procedente; procedencia do pedido; procedência do pedido; provimento ao recurso,7a19eb7b855be265c0496653c73a20458e378dfbfba0638d77b79a15363c2544
011-tribunal-de-justica-de-minas-gerai-17d76e66.pdf,https://www5.tjmg.jus.br/jurisprudencia/relatorioEspelhoAcordao.do?inteiroTeor=true&ano=22&ttriCodigo=1&codigoOrigem=0000&numero=204404&sequencial=001&sequencialAcordao=0,"""ação de indenização por danos morais"" ""julgo procedente"" ""petição inicial"" filetype:pdf",Tribunal de Justiça de Minas Gerai,17,acao de indenizacao; ação de indenização; dano moral; danos morais; indenizacao por dano moral; indenização por dano moral; julgo procedente; petição inicial,17d76e66dd40326d823f4359f7061132eb6bda6d6b7bdc9b21efa470369bfaad
012-tribunal-de-justica-de-minas-gerai-a664b942.pdf,https://www5.tjmg.jus.br/jurisprudencia/relatorioEspelhoAcordao.do?inteiroTeor=true&ano=18&ttriCodigo=1&codigoOrigem=0000&numero=026583&sequencial=002&sequencialAcordao=0,"""ação de indenização por danos morais"" ""julgo procedente"" ""petição inicial"" filetype:pdf",Tribunal de Justiça de Minas Gerai,13,dano moral; danos morais; indenizacao por dano moral; indenização por dano moral; julgo procedente; petição inicial,a664b942bde809c3f02e776cd79467bd3030cbbaeccf093de7a55f0623ccfddc
013-tribunal-de-justica-de-minas-gerai---migalhas-e9727211.pdf,https://www.migalhas.com.br/arquivos/2020/1/CA8BCDDB85C503_acordao.pdf,"""indenização por dano moral"" ""sentença procedente"" ""petição inicial"" filetype:pdf",Tribunal de Justiça de Minas Gerai - Migalhas,18,acao de indenizacao; ação de indenização; dano moral; danos morais; indenizacao por dano moral; indenização por dano moral; procedencia do pedido; procedência do pedido,e9727211da3f7b5377bc6a2d4d12326ea17b986bc5bfd0ac57d7ed9cc4e45240
014-despacho-decisao-1438c440.pdf,https://www.rotajuridica.com.br/wp-content/uploads/2023/08/decisao-negativacao-TJSC.pdf,"""danos morais"" ""condeno"" ""petição inicial"" filetype:pdf",DESPACHO/DECISÃO,15,dano moral; danos morais; petição inicial; recurso provido; sentenca de procedencia; sentença de procedência,1438c4403595761da6679afae7ab8a28554f4ac5828c37b7fce687d59bdfc0fe
015-tribunal-de-justica-de-minas-gerais---tjmg.jus.br-4bc5dd56.pdf,https://www8.tjmg.jus.br/themis/baixaDocumento.do?tipo=1&numeroVerificador=107011202381860012022978949,"""danos morais"" ""condeno"" ""petição inicial"" filetype:pdf",Tribunal de Justiça de Minas Gerais - tjmg.jus.br,16,dano moral; danos morais; indenizacao por dano moral; indenização por dano moral; julgo procedente; petição inicial; provimento ao recurso,4bc5dd56b34c41180d9c3b45ce07d464d52e472ef8f2b2e42d8fa295e9562d45
016-excelentissimo-senhor-doutor-juiz-de-direito-da-vara-c9611549.pdf,https://static.poder360.com.br/2017/08/PATRICIA_ABRAVAEL.pdf,"""modelo de petição inicial"" ""danos morais"" ""procedente"" filetype:pdf",EXCELENTÍSSIMO SENHOR DOUTOR JUIZ DE DIREITO DA ª VARA,11,acao de indenizacao; ação de indenização; dano moral; danos morais; recurso provido,c96115497d3a55287dc831806fd36877eded1de54bd78ffb08c65c36f99d1a4a
017-processo-n-1004048-69.2021.8.26.0609-procedimento-comum-civel-d3c6073c.pdf,https://www.migalhas.com.br/arquivos/2021/10/457F13C75569A0_emprestimoindevidoc6.pdf,"""modelo de petição inicial"" ""danos morais"" ""procedente"" filetype:pdf",Processo nº: 1004048-69.2021.8.26.0609 Procedimento Comum Cível ...,17,dano moral; danos morais; indenizacao por dano moral; indenização por dano moral; recurso provido; sentenca de procedencia; sentença de procedência,d3c6073c2b0d0a17a6290b4529cdc5b557c630efba9ba5524a5a7162a78e2de5
018-dano-moral-e-pedido-generico-de-indenizacao-f75adb5f.pdf,https://bdjur.stj.jus.br/server/api/core/bitstreams/0dfa450e-d1bb-43f0-b4ff-66bde2f550a8/content,"""petição inicial"" ""dano moral"" ""sentença"" ""procedente"" filetype:pdf",Dano Moral e peDiDo Genérico De inDenização,26,acao de indenizacao; ação de indenização; dano moral; danos morais; indenizacao por dano moral; indenização por dano moral; petição inicial; procedencia do pedido; procedência do pedido; sentenca de procedencia; sentença de procedência,f75adb5fa9807c6f4880e63f54a2b1c0aa506358ca328a256d748c0f2f0b2e26
019-sentenca-9d786f09.pdf,https://www.cnmp.mp.br/portal/images/Sentença_Datena.pdf,"""petição inicial"" ""dano moral"" ""sentença"" ""procedente"" filetype:pdf",SENTENÇA,13,dano moral; danos morais; indenizacao por dano moral; indenização por dano moral; julgo parcialmente procedente; petição inicial,9d786f092d5da1cc1d6593b6e1c58ae9e3c6a054409b0db95ce42de6a0ee0167
020-sentenca-1003979-03.2021.8.26.0006-procedimento-comum-civel-0b57df74.pdf,https://www.migalhas.com.br/arquivos/2022/3/A34227C1B439F8_decisao-band-datena.pdf,"""petição inicial"" ""dano moral"" ""sentença"" ""procedente"" filetype:pdf",SENTENÇA 1003979-03.2021.8.26.0006 Procedimento Comum Cível ...,13,dano moral; danos morais; indenizacao por dano moral; indenização por dano moral; julgo procedente; petição inicial,0b57df74e1f3ee03cd9c3f9f665d556e253f2ad3b7de89b7ad36480084990b0f
021-excelentissimo-senhor-doutor-juiz-federal-da-vara-federal-da-c71983d4.pdf,https://fernandoconceicao.files.wordpress.com/2014/02/assedio-moral-processo-inicial.pdf,"""petição inicial"" ""dano moral"" ""sentença"" ""procedente"" filetype:pdf",EXCELENTÍSSIMO SENHOR DOUTOR JUIZ FEDERAL DA VARA FEDERAL DA ...,17,acao de indenizacao; ação de indenização; dano moral; danos morais; indenizacao por dano moral; indenização por dano moral; petição inicial; provimento ao recurso,c71983d40f1c7bb96943aefa5baacba49160f5760fa49e24a1bd9bcb59ccb838
022-processo-0004928-04.2014.8.14.0045---apelacao-civel-c1e685cc.pdf,https://www.tjpa.jus.br/CMSPortal/VisualizarArquivo?idArquivo=1468631,"""petição inicial"" ""dano moral"" ""julgo procedente"" filetype:pdf",PROCESSO: 0004928-04.2014.8.14.0045 - APELAÇÃO CÍVEL,18,dano moral; indenizacao por dano moral; indenização por dano moral; julgo parcialmente procedente; procedencia do pedido; procedência do pedido; provimento ao recurso,c1e685cc69d12d3aec8b65727649ec0d170af350589d6dd1058bc017da687c76
023-superior-tribunal-de-justic---consultor-juridico-4ba6e8d6.pdf,https://www.conjur.com.br/wp-content/uploads/2023/09/indenizacao-valor-stj.pdf,"""petição inicial"" ""dano moral"" ""julgo procedente"" filetype:pdf",Superior Tribunal de Justiç - Consultor Jurídico,17,acao de indenizacao; ação de indenização; dano moral; danos morais; indenizacao por dano moral; indenização por dano moral; petição inicial; provimento ao recurso,4ba6e8d6f83b1732e496785bed9525dc728744e56471c1506f50c0fd178c870e
024-sentenca-julgou-parcialmente-procedente-a-acao-a-fim-de-bd98da5b.pdf,https://www.stj.jus.br/websecstj/cgi/revista/REJ.cgi/ATC?seq=11574863&tipo=51&nreg=201000255310&dt=20100826&formato=PDF&salvar=false,"""petição inicial"" ""danos morais"" ""julgo parcialmente procedente"" filetype:pdf","Sentença: julgou parcialmente procedente a ação, a fim de ...",5,danos morais; provimento ao recurso,bd98da5bd64ce74e4b32e8d3cb7ea6709e5720eba6a90bd048e97997ec88e45a
025-sexta-camara-civel-0808022-39.2021.8.10.0029-apelante-926fc87e.pdf,https://www.migalhas.com.br/arquivos/2022/3/F9B23DDBE4CEDC_decisao.monocratica..pdf,"""petição inicial"" ""danos morais"" ""julgo parcialmente procedente"" filetype:pdf",SEXTA CÂMARA CÍVEL 0808022-39.2021.8.10.0029) APELANTE ...,14,dano moral; danos morais; indenizacao por dano moral; indenização por dano moral; julgo procedente; provimento ao recurso,926fc87e52bcb1d01a16cfa7c7d42e75d0ce66d8af3dac840348f9902cdc0df4
026-do-valor-das-indenizacoes-por-dano-moral---uma-proposta-inovadora-5e6b7c9d.pdf,http://publicadireito.com.br/artigos/?cod=46994a3cd8d943d0,"""indenização por dano moral"" ""petição inicial"" ""procedência do pedido"" filetype:pdf",Do Valor das Indenizações por Dano Moral - Uma proposta inovadora ...,20,acao de indenizacao; ação de indenização; dano moral; danos morais; indenizacao por dano moral; indenização por dano moral; petição inicial; procedencia do pedido; procedência do pedido,5e6b7c9de787bd1b908a8729a1488debf078ecd75e94623e85dece951f17c38e
027-a-incidencia-de-juros-moratorios-nos-danos-morais-...---afi-2b9a1571.pdf,https://afi.adv.br/wp-content/uploads/2022/04/024.pdf,"""indenização por dano moral"" ""petição inicial"" ""procedência do pedido"" filetype:pdf",A INCIDÊNCIA DE JUROS MORATÓRIOS NOS DANOS MORAIS ... - AFI,26,acao de indenizacao; ação de indenização; dano moral; danos morais; indenizacao por dano moral; indenização por dano moral; petição inicial; procedencia do pedido; procedência do pedido; sentenca de procedencia; sentença de procedência,2b9a15715ac562b78a1ad4d31d20293af8a415153c08902aa7d378e637d685e5
028-alexandre-de-moares-e-viviane-barci-de-38d1565e.pdf,https://static.poder360.com.br/2021/02/indenizacao-alexandre-moraes-roberto.pdf,"""indenização por dano moral"" ""petição inicial"" ""procedência do pedido"" filetype:pdf",Alexandre de moares e viviane barci de,35,acao de indenizacao; ação de indenização; dano moral; danos morais; indenizacao por dano moral; indenização por dano moral; julgo procedente; petição inicial; procedencia do pedido; procedência do pedido; provimento ao recurso; recurso provido; sentenca de procedencia; sentença de procedência,38d1565e81589171a09768438c87df55f76887e71e41509b5321f08184af7fd4
029-livro_sinopses-v19_proc-civil_tutela-do-conhec_6ed.indb-4dbc337d.pdf,https://www.editorajuspodivm.com.br/media/juspodivm_material/material/file/JUS2599-Degustacao.pdf,"""indenização por dano moral"" ""petição inicial"" ""procedência do pedido"" filetype:pdf",Livro_Sinopses v19_Proc Civil_Tutela do Conhec_6ed.indb,20,acao de indenizacao; ação de indenização; dano moral; danos morais; indenizacao por dano moral; indenização por dano moral; petição inicial; procedencia do pedido; procedência do pedido,4dbc337d3455b32255750e19cb57847aabdfdc01f50267efc6dfa0c5c059ba40
030-kelly-matos-lucrecio-ajuizou-a-presente-acao-787c2e4a.pdf,https://www.conjur.com.br/dl/jo/jornalista-indenizada-postagem-ofensiva.pdf,"""ação indenizatória"" ""dano moral"" ""julgo procedente"" filetype:pdf",KELLY MATOS LUCRÉCIO ajuizou a presente ação,7,dano moral; danos morais; julgo procedente,787c2e4aa7909410d4d7823b6b16cdd964f6935482b0436690aee92d9027ee8b
031-trata-se-de-acao-indenizatoria-ajuizada-e6632635.pdf,https://www.migalhas.com.br/arquivos/2021/8/A0371E01FA01DF_BANCO.pdf,"""ação indenizatória"" ""dano moral"" ""julgo procedente"" filetype:pdf",Trata-se de AÇÃO INDENIZATÓRIA ajuizada,13,dano moral; danos morais; indenizacao por dano moral; indenização por dano moral; julgo procedente; petição inicial,e663263573b4e9c43d09fd6e7fb815577b59d748af7ec08a359c02ff375d37e5
032-apelacao-civel.-acao-indenizatoria.-seguro-de-assistencia-a-eef5a9ed.pdf,http://www1.tjrj.jus.br/gedcacheweb/default.aspx?UZIP=1&GEDID=000476A5A732E9A81E905FB0556263E14A8DC5074D403302,"""ação indenizatória"" ""dano moral"" ""julgo procedente"" filetype:pdf",APELAÇÃO CÍVEL. AÇÃO INDENIZATÓRIA. SEGURO DE ASSISTÊNCIA A ...,15,dano moral; danos morais; julgo procedente; petição inicial; sentenca de procedencia; sentença de procedência,eef5a9edb5e1b4ed0bd2d6eac72d82b905a080de5ff52cb807a878597d4fa8a1
033-sentenca-4fa0b990.pdf,https://static.poder360.com.br/2022/06/indenização-dilma-rousseff-danos-morais.pdf,"""ação indenizatória"" ""dano moral"" ""julgo procedente"" filetype:pdf",SENTENÇA,15,acao de indenizacao; ação de indenização; dano moral; danos morais; indenizacao por dano moral; indenização por dano moral; julgo procedente,4fa0b99095bbb734964de64c54468ef2cef2fb293bf8ac1f9f176e5756aec716
034-da-peticao-inicial-3e1cf86d.pdf,http://institutoprocessus.com.br/2012/wp-content/uploads/2012/01/petição-inicial-atualizado.pdf,"""petição inicial"" ""ação de indenização"" ""dano moral"" ""procedente"" filetype:pdf",DA PETIÇÃO INICIAL,15,acao de indenizacao; ação de indenização; dano moral; indenizacao por dano moral; indenização por dano moral; petição inicial; provimento ao recurso,3e1cf86d7aa13c551aa82d86c2718b5703477e6172325589f76f2fde279ea0ef
035-numerodetokensnodocumento-47013b81.pdf,https://www.conjur.com.br/dl/ac/acordao-19-camara-civel-tribunal.pdf,"""ação de indenização por danos morais"" ""julgo procedente"" ""petição inicial"" filetype:pdf",<NÚMERODETOKENSNODOCUMENTO...,9,dano moral; danos morais; julgo procedente; petição inicial,47013b81ee4d89bb67f68f5ef2677d16dd9818d15487b1e1ab662f0a90365068
036-tribunal-de-justica-de-minas-gerai-afaa0b98.pdf,https://www5.tjmg.jus.br/jurisprudencia/relatorioEspelhoAcordao.do?inteiroTeor=true&ano=21&ttriCodigo=1&codigoOrigem=0000&numero=105736&sequencial=001&sequencialAcordao=0,"""ação de indenização por danos morais"" ""julgo procedente"" ""petição inicial"" filetype:pdf",Tribunal de Justiça de Minas Gerai,17,acao de indenizacao; ação de indenização; dano moral; danos morais; indenizacao por dano moral; indenização por dano moral; julgo procedente; petição inicial,afaa0b98f7af88d961e920591b303b258872301a885491464091337438f5c90f
037-tribunal-de-justica-de-minas-gerai---s3-sa-east-1.amazonaws.com-49f6bb99.pdf,https://s3-sa-east-1.amazonaws.com/sedep-site/wp-content/uploads/2020/07/28162359/ameaça.pdf,"""petição inicial"" ""dano moral"" ""sentença"" ""procedente"" filetype:pdf",Tribunal de Justiça de Minas Gerai - s3-sa-east-1.amazonaws.com,22,acao de indenizacao; ação de indenização; dano moral; danos morais; petição inicial; procedencia do pedido; procedência do pedido; provimento ao recurso; recurso provido,49f6bb9944da5166f928d8d78db553bea5282db0356bd13b36565a876cde7609
038-processo-1000307-19.2024.5.02.0323---acao-trabalhista---rito-ordinario-1d0edf2c.pdf,https://www.migalhas.com.br/arquivos/2025/3/74D943CFE92E3A_MulherfracaEmpresaindenizaratr.pdf,"""petição inicial"" ""dano moral"" ""julgo procedente"" filetype:pdf",Processo: 1000307-19.2024.5.02.0323 - ação trabalhista - rito ordinário,12,dano moral; danos morais; julgo parcialmente procedente; julgo procedente; petição inicial,1d0edf2cf29d02c7f3eeabad4a63966ef25850c0230471c0a1b30000963fa3a2
039-decisao-cloroquina.-pdf-e705f239.pdf,https://internetlab.org.br/wp-content/uploads/2021/03/cloroquinaindenizacao.pdf,"""petição inicial"" ""danos morais"" ""julgo parcialmente procedente"" filetype:pdf",decisao-cloroquina. pdf,13,dano moral; danos morais; indenizacao por dano moral; indenização por dano moral; julgo parcialmente procedente; petição inicial,e705f239cf48f5bef3523f94489292f9ce55d84efd2b5ed4344585555964fd4a
040-vistos-7488240f.pdf,https://www.conjur.com.br/wp-content/uploads/2025/09/Sentenca-Copape-indenizacao-a-Ricardo-Magro-2set2025.pdf,"""petição inicial"" ""danos morais"" ""julgo parcialmente procedente"" filetype:pdf",Vistos.,22,dano moral; danos morais; indenizacao por dano moral; indenização por dano moral; petição inicial; procedencia do pedido; procedência do pedido; sentenca de procedencia; sentença de procedência,7488240fd61693f8877c4b660af994c2e37d8532b6f7f1a3e264865916ba2984
041-diario-da-justica-ff093424.pdf,https://www.tjpi.jus.br/diarioeletronico/public/dj180719_8478.pdf,"""petição inicial"" ""danos morais"" ""julgo parcialmente procedente"" filetype:pdf",Diário da Justiça,13,acao de indenizacao; ação de indenização; dano moral; danos morais; petição inicial; provimento ao recurso,ff093424e161287aa0bac041a93e5fde696851db5ae04023c9b99d9602e72caf
042-peticao-inicial-colombo-ac312b77.pdf,https://coisasdemacae.wordpress.com/wp-content/uploads/2011/03/petic3a7c3a3o-inicial-colombo.pdf,"""indenização por dano moral"" ""petição inicial"" ""procedência do pedido"" filetype:pdf",Petição inicial Colombo,16,acao de indenizacao; ação de indenização; dano moral; danos morais; petição inicial; procedencia do pedido; procedência do pedido,ac312b7781a910a23a6a02621eee43203f7f4f15e65f085c7e4234240a7ee295
043-xxxxxxxxxxxxxxxxxxxxxxxxxxxxxxx-qualificado-nos-autos-ca7078c7.pdf,https://www.migalhas.com.br/arquivos/2018/5/art20180530-12.pdf,"""indenização por dano moral"" ""petição inicial"" ""procedência do pedido"" filetype:pdf","XXXXXXXXXXXXXXXXXXXXXXXXXXXXXXX, qualificado nos autos...",17,acao de indenizacao; ação de indenização; dano moral; danos morais; indenizacao por dano moral; indenização por dano moral; julgo procedente; petição inicial,ca7078c710de2e9925407b40cee69f90c99595d8d15044783db40df8fc3bdb24
044-acordao---tjrj.jus.br-6576007c.pdf,https://www3.tjrj.jus.br/gedcacheweb/default.aspx?UZIP=1&GEDID=00048DC4CE91F080F4892709228AD16A3A46C5161A4D0720,"""ação indenizatória"" ""dano moral"" ""julgo procedente"" filetype:pdf",ACÓRDÃO - tjrj.jus.br,13,dano moral; danos morais; julgo procedente; sentenca de procedencia; sentença de procedência,6576007ca7b0f60e4bbed87a563b10b64282d444a2ec4ba11c01a3ff2020e855
045-relatora-ministra-nancy-andrighi-advogados-isabela-braga-25263c45.pdf,https://www.conjur.com.br/wp-content/uploads/2024/07/STJ_202300647291_tipo_integra_251952405.pdf,"""ação indenizatória"" ""dano moral"" ""julgo procedente"" filetype:pdf",RELATORA : MINISTRA NANCY ANDRIGHI ADVOGADOS : ISABELA BRAGA ...,11,acao de indenizacao; ação de indenização; dano moral; danos morais; provimento ao recurso,25263c45cac8e651c8c4faa034e83cf3e5dbe645aa55a470882625d8f064f711
046-tribunal-de-justica-de-minas-gerais---tjmg.jus.br-0c521b7c.pdf,https://www8.tjmg.jus.br/themis/baixaDocumento.do?tipo=1&numeroVerificador=10000230702045001202477664,"""ação indenizatória"" ""dano moral"" ""julgo procedente"" filetype:pdf",Tribunal de Justiça de Minas Gerais - tjmg.jus.br,18,acao de indenizacao; ação de indenização; dano moral; danos morais; indenizacao por dano moral; indenização por dano moral; julgo parcialmente procedente; provimento ao recurso,0c521b7cdb6730889612561b66dfd5c262745aa0de48732a854b6eb1613c6e84
047-acordaoapelacoes-civeis-n-49eb51a5.pdf,https://www.conjur.com.br/wp-content/uploads/2023/09/indenizacao-danos-morais-onibus1.pdf,"""ação indenizatória"" ""dano moral"" ""julgo procedente"" filetype:pdf",Acórdãoapelações cíveis nº...,27,acao de indenizacao; ação de indenização; dano moral; danos morais; indenizacao por dano moral; indenização por dano moral; julgo parcialmente procedente; julgo procedente; provimento ao recurso; sentenca de procedencia; sentença de procedência,49eb51a5a8957dba69b07597d2819305fd033892d390748b650f470dba4c41cd
048-numerodetokensnodocumento-18-9139ca98.pdf,https://www.migalhas.com.br/arquivos/2016/8/art20160823-05.pdf,"""ação indenizatória"" ""dano moral"" ""julgo procedente"" filetype:pdf",<NÚMERODETOKENSNODOCUMENTO \18...,13,dano moral; danos morais; julgo procedente; sentenca de procedencia; sentença de procedência,9139ca986cc5f1ae904e0deaebb27c1647d5ed7a6ed0260bfe70ca51ad79f0fb
049-morais-ante-a-quebra-do-dever-de-caa7579a.pdf,https://www.maxwell.vrac.puc-rio.br/45729/45729.PDF,"""ação indenizatória"" ""dano moral"" ""julgo procedente"" filetype:pdf",Morais ante a quebra do dever de,15,acao de indenizacao; ação de indenização; dano moral; danos morais; indenizacao por dano moral; indenização por dano moral; recurso provido,caa7579ac222ce23dade3cb16f1deb2cc5c88b4c40c02d9d61b3f8d3f93331ad
050-protocolo-f4c51aa0.pdf,https://www.pilotopolicial.com.br/wp-content/uploads/2018/08/SENTENÇA_-__Helicóptero.pdf,"""ação indenizatória"" ""dano moral"" ""julgo procedente"" filetype:pdf",PROTOCOLO,17,acao de indenizacao; ação de indenização; dano moral; danos morais; indenizacao por dano moral; indenização por dano moral; julgo procedente; petição inicial,f4c51aa0630ba76e771dfe9ceee40b494ef9246004b7e36ae0aa14c0b62558d5
051-o-valor-da-reparacao-moral-a-jurisprudencia-civel-prevalente-no-b1256c74.pdf,https://www.migalhas.com.br/arquivos/2021/7/6F09A9C84A406D_artigo1.pdf,"""ação de reparação por danos morais"" ""julgo procedente"" filetype:pdf",O VALOR DA REPARAÇÃO MORAL A JURISPRUDÊNCIA CÍVEL PREVALENTE NO,17,acao de indenizacao; ação de indenização; dano moral; danos morais; indenizacao por dano moral; indenização por dano moral; petição inicial; provimento ao recurso,b1256c74049cff84bbbf1b410cb781c0c790b4bc4e16ebcd329f76946bc6ff3e
